Пол;Возраст;Путешествует с детьми;Расстояние;Включён завтрак;Наличие wifi;Оценка удобства добирания до места;Оценка интерсности досуга;Оценка качества питания;Оценка качества wifi;Оценка комфортности палатки;Общая оценка качества предоставленной услуги
жен;53;да;1940;1;1;2;хорошо;отсутствует;плохо;плохо;отсутствует
жен;77;нет;3092;0;1;5;хорошо;хорошо;отсутствует;отсутствует;отсутствует
муж;20;да;4257;0;1;4;плохо;плохо;хорошо;плохо;плохо
жен;30;   ;605;1;0;1;хорошо;отсутствует;хорошо;хорошо;плохо
жен;60;да;1385;0;0;4;хорошо;отсутствует;отсутствует;отсутствует;плохо
жен;69;нет;3160;1;1;1;плохо;хорошо;плохо;хорошо;отсутствует
жен;89;нет;991;0;1;3;плохо;отсутствует;плохо;отсутствует;плохо
жен;44;да;4537;0;    ;5;отсутствует;плохо;отсутствует;отсутствует;плохо
муж;34;да;3763;0;0;3;отсутствует;плохо;отсутствует;хорошо;хорошо
жен;29;нет;3897;0;1;4;отсутствует;отсутствует;хорошо;плохо;отсутствует
жен;88;да;3077;1;0;2;хорошо;плохо;хорошо;отсутствует;отсутствует
жен;75;нет;2589;0;0;1;отсутствует;плохо;отсутствует;хорошо;плохо
жен;59;да;3541;1;1;4;хорошо;отсутствует;хорошо;отсутствует;хорошо
жен;48;да;1589;0;0;3;отсутствует;отсутствует;хорошо;отсутствует;хорошо
жен;83;да;2275; ;0;3;хорошо;отсутствует;отсутствует;отсутствует;плохо
жен;83;нет;4865;0;0;3;отсутствует;хорошо;отсутствует;отсутствует;плохо
муж;22;нет;4448;1;1;1;плохо;хорошо;плохо;плохо;отсутствует
жен;64;нет;669;0;1;3;плохо;плохо;хорошо;хорошо;плохо
муж;54;да;1253;1;0;1;отсутствует;хорошо;отсутствует;хорошо;плохо
муж;18;да;1635;0;1;4;хорошо;плохо;отсутствует;хорошо;отсутствует
жен;54;да;1859;1;1;1;хорошо;хорошо;плохо;хорошо;отсутствует
жен;64;да;3255;1;0;3;плохо;хорошо;отсутствует;хорошо;хорошо
жен;23;да;4046;1;0;3;плохо;отсутствует;отсутствует;плохо;    
муж;73;нет;2906;1;0;3;отсутствует;отсутствует;плохо;плохо;хорошо
муж;44;да;4458;1;0;2;плохо;отсутствует;хорошо;хорошо;плохо
муж;63;да;751;0;1;2;отсутствует;отсутствует;отсутствует;плохо;хорошо
жен;19;да;2211;0;1;5;плохо;отсутствует;хорошо;хорошо;хорошо
муж;88;да;3310;1;0;4;отсутствует;отсутствует;хорошо;плохо;плохо
муж;23;да;472;0;0;1;хорошо;плохо;отсутствует;хорошо;плохо
жен;76;нет;3208;0;0;4;хорошо;плохо;отсутствует;плохо;отсутствует
муж;39;нет;1937;0;0;3;плохо;хорошо;хорошо;плохо;отсутствует
жен;62;да;3127;1;1;1;отсутствует;плохо;хорошо;хорошо;плохо
муж;27;нет;4006;1;0;5;плохо;хорошо;плохо;хорошо;отсутствует
жен;62;да;102;0;1;3;отсутствует;хорошо;отсутствует;плохо;плохо
муж;72;да;3280;1;0;3;хорошо;отсутствует;хорошо;плохо;хорошо
муж;85;нет;2914;0;0;4;отсутствует;плохо;плохо;хорошо;плохо
жен;53;да;3918;0;0;2;плохо;отсутствует;хорошо;хорошо;хорошо
жен;38;нет;1879;1;0;1;плохо;отсутствует;отсутствует;плохо;плохо
жен;61;да;4223;0;1;4;хорошо;хорошо;плохо;плохо;хорошо
муж;73;да;4586;1;0;3;плохо;отсутствует;отсутствует;плохо;отсутствует
жен;56;да;2935;1;0;3;хорошо;плохо;отсутствует;отсутствует;хорошо
жен;70;да;1026;1;0;3;хорошо;хорошо;хорошо;плохо;плохо
жен;48;да;3996;1;1;5;хорошо;плохо;плохо;плохо;плохо
жен;56;нет;1993;0;1;1;плохо;отсутствует;отсутствует;хорошо;плохо
муж;25;да;4850;1;1;1;отсутствует;плохо;хорошо;плохо;хорошо
жен;68;да;3812;0;0;1;отсутствует;плохо;плохо;хорошо;отсутствует
муж;73;да;4832;0;0;5;отсутствует;плохо;плохо;плохо;хорошо
жен;22;да;278;1;0;1;плохо;отсутствует;хорошо;хорошо;плохо
муж;87;нет;2833;0;1;5;плохо;хорошо;отсутствует;плохо;отсутствует
муж;86;нет;4119;1;1;2;отсутствует;плохо;хорошо;хорошо;хорошо
муж;29;да;1066;1;0;4;хорошо;плохо;хорошо;отсутствует;плохо
жен;31;да;1113;1;1;4;плохо;отсутствует;отсутствует;плохо;плохо
муж;39;нет;492;0;1;2;хорошо;отсутствует;отсутствует;плохо;     
муж;86;нет;570;0;1;1;плохо;хорошо;плохо;плохо;хорошо
муж;55;нет;4260;0;0;4;отсутствует;плохо;отсутствует;отсутствует;хорошо
муж;55;нет;2798;0;0;3;плохо;отсутствует;плохо;плохо;плохо
муж;48;да;1202;0;0;1;плохо;хорошо;плохо;отсутствует;плохо
жен;24;нет;4920;0;1;4;хорошо;    ;отсутствует;плохо;отсутствует
жен;44;да;391;0;1;5;отсутствует;плохо;плохо;хорошо;отсутствует
жен;68;да;2256;0;1;3;плохо;хорошо;хорошо;хорошо;хорошо
муж;65;да;334;0;0;3;хорошо;плохо;плохо;плохо;плохо
жен;48;нет;2049;1;0;1;отсутствует;отсутствует;отсутствует;отсутствует;хорошо
жен;39;нет;2644;1;1;4;хорошо; ;отсутствует;отсутствует;хорошо
муж;73;да;1012;0;1;1;хорошо;хорошо;плохо;отсутствует;плохо
жен;31;нет;4318;1;1;4;отсутствует;плохо;отсутствует;отсутствует;отсутствует
муж;76;нет;2891;0;1;1;хорошо;отсутствует;отсутствует;плохо;плохо
муж;37;да;260;0;1;5;отсутствует;хорошо;хорошо;плохо;отсутствует
муж;22;нет;4034;1;1;2;плохо;отсутствует;отсутствует;отсутствует;  
жен;73;нет;3306;0;0;4;плохо;хорошо;плохо;отсутствует;хорошо
жен;64;нет;3485;1;0;5;хорошо;хорошо;хорошо;отсутствует;плохо
муж;48;нет;217;1;1;4;хорошо;отсутствует;отсутствует;отсутствует;хорошо
жен;25;нет;1781;0;0;3;хорошо;отсутствует;отсутствует;плохо;хорошо
муж;45;нет;4109;0;1;2;плохо;плохо;хорошо;плохо;плохо
муж;35;нет;2899;1;1;3;плохо;отсутствует;отсутствует;отсутствует;хорошо
жен;72;нет;2841;0;0;3;отсутствует;плохо;хорошо;хорошо;отсутствует
муж;62;нет;2593;0;0;1;хорошо;отсутствует;отсутствует;плохо;плохо
жен;31;нет;1641;0;1;1;хорошо;отсутствует;хорошо;отсутствует;плохо
жен;55;да;4503;1;0;4;хорошо;отсутствует;хорошо;хорошо;плохо
муж;26;да;1326;0;1;3;хорошо;плохо;отсутствует;плохо;хорошо
жен;56;да;3061;1;1;2;плохо;отсутствует;хорошо;плохо;отсутствует
муж;44;да;748;0;0;2;хорошо;плохо;хорошо;плохо;хорошо
муж;36;нет;4324;0;0;2;хорошо;отсутствует;отсутствует;хорошо;плохо
муж;33;нет;3295;1;0;4;хорошо;хорошо;отсутствует;отсутствует;отсутствует
жен;31;нет;1480;0;1;3;хорошо;отсутствует;хорошо;хорошо;хорошо
жен;56;нет;4953;1;0;2;плохо;хорошо;отсутствует;хорошо;хорошо
жен;73;нет;2478;1;1;2;отсутствует;хорошо;хорошо;плохо;отсутствует
муж;51;да;510;1;1;5;плохо;отсутствует;плохо;хорошо;отсутствует
муж;69;да;3464;0;1;4;хорошо;хорошо;плохо;плохо;отсутствует
жен;22;нет;1916;0;0;1;хорошо;плохо;плохо;плохо;плохо
жен;69;да;1050;1;0;5;хорошо;отсутствует;хорошо;отсутствует;отсутствует
жен;26;нет;2735;  ;0;1;плохо;отсутствует;хорошо;плохо;отсутствует
муж;26;да;2640;0;1;5;отсутствует;плохо;хорошо;отсутствует;плохо
жен;37;да;539;0;0;4;плохо;плохо;хорошо;хорошо;плохо
жен;61;нет;4719;1;1;2;хорошо;хорошо;отсутствует;хорошо;плохо
муж;45;нет;2992;1;1;4;отсутствует;плохо;плохо;отсутствует;отсутствует
жен;63;нет;1085;1;1;4;хорошо;хорошо;отсутствует;плохо;хорошо
муж;79;нет;660;0;0;5;плохо;плохо;плохо;плохо;отсутствует
жен;85;да;1680;1;0;3;хорошо;отсутствует;плохо;хорошо;хорошо
муж;76;да;620;0;1;5;плохо;хорошо;плохо;плохо;отсутствует
муж;80;нет;3775;0;1;5;плохо;хорошо;плохо;хорошо;плохо
муж;77;да;960;0;1;2;хорошо;плохо;отсутствует;плохо;плохо
муж;30;да;502;0;0;5;отсутствует;отсутствует;плохо;отсутствует;отсутствует
муж;82;нет;1858;1;0;2;хорошо;плохо;хорошо;плохо;отсутствует
муж;45;нет;1642;1;0;4;плохо;отсутствует;плохо;плохо;хорошо
муж;50;да;1126;0;0;3;отсутствует;плохо;плохо;плохо;хорошо
жен;81;да;795;1;1;3;плохо;хорошо;хорошо;плохо;отсутствует
муж;59;да;1893;1;1;3;плохо;отсутствует;отсутствует;отсутствует;плохо
жен;76;нет;2977;0;1;4;плохо;плохо;плохо;отсутствует;плохо
муж;80;нет;470;0;0;5;отсутствует;хорошо;плохо;плохо;плохо
жен;42;нет;1782;0;1;2;плохо;отсутствует;плохо;плохо;отсутствует
муж;52;нет;1809;0;0;5;хорошо;отсутствует;отсутствует;отсутствует;хорошо
муж;27;да;834;1;0;4;хорошо;хорошо;хорошо;хорошо;отсутствует
жен;59;да;3238;0;1;  ;отсутствует;хорошо;хорошо;хорошо;отсутствует
муж;19;да;702;1;0;5;отсутствует;отсутствует;отсутствует;хорошо;плохо
муж;59;да;4255;1;0;3;хорошо;плохо;хорошо;плохо;отсутствует
жен;72;нет;4860;0;1;1;хорошо;плохо;хорошо;хорошо;хорошо
муж;89;нет;736;0;0;5;отсутствует;хорошо;плохо;хорошо;хорошо
муж;19;да;1374;1;1;4;отсутствует;отсутствует;отсутствует;плохо;хорошо
муж;26;да;4646;0;1;3;хорошо;хорошо;отсутствует;отсутствует;отсутствует
муж;48;нет;2190;1;1;4;хорошо;отсутствует;хорошо;отсутствует;отсутствует
  ;55;нет;3953;0;1;4;плохо;отсутствует;плохо;отсутствует;хорошо
муж;65;да;2999;1;0;3;плохо;плохо;отсутствует;отсутствует;плохо
жен;23;да;1874;0;0;5;хорошо;хорошо;плохо;отсутствует;хорошо
муж;29;нет;3764;0;0;4;плохо;отсутствует;плохо;отсутствует;плохо
муж;42;нет;4198;0;0;3;отсутствует;отсутствует;отсутствует;хорошо;отсутствует
муж;34;нет;4963;0;0;1;хорошо;хорошо;плохо;отсутствует;плохо
муж;71;да;3315;0;0;3;хорошо;хорошо;отсутствует;отсутствует;отсутствует
жен;83;да;254;1;1;5;плохо;хорошо;хорошо;отсутствует;плохо
жен;49;нет;4215;1;0;5;хорошо;отсутствует;плохо;отсутствует;отсутствует
жен;76;нет;2493;0;1;5;отсутствует;отсутствует;отсутствует;хорошо;плохо
муж;68;нет;3567;0;1;5;хорошо;плохо;хорошо;плохо;хорошо
жен;43;нет;1199;1;1;4;хорошо;отсутствует;хорошо;плохо;плохо
муж;59;нет;1818;1;1;1;хорошо;хорошо;хорошо;плохо;хорошо
муж;49;нет;3534;0;1;4;хорошо;хорошо;хорошо;плохо;отсутствует
жен;45;нет;3131;0;1;4;отсутствует;плохо;отсутствует;плохо;отсутствует
жен;49;нет;2140;1;0;3;плохо;отсутствует;плохо;плохо;плохо
жен;59;да;4960;1;0;4;плохо;хорошо;отсутствует;плохо;плохо
муж;36;да;4385;1;0;2;отсутствует;отсутствует;отсутствует;хорошо;отсутствует
муж;69;нет;1530;1;1;1;отсутствует;хорошо;отсутствует;отсутствует;плохо
муж;32;нет;2160;1;0;3;отсутствует;плохо;хорошо;отсутствует;хорошо
жен;80;нет;1830;1;0;4;плохо;хорошо;отсутствует;плохо;плохо
муж;18;да;4389;1;0;5;отсутствует;плохо;хорошо;отсутствует;плохо
муж;44;да;3936;1;0;4;отсутствует;хорошо;хорошо;плохо;плохо
муж;19;да;3552;0;1;5;отсутствует;отсутствует;отсутствует;плохо;хорошо
муж;88;да;3011;0;1;5;отсутствует;плохо;отсутствует;отсутствует;отсутствует
муж;53;нет;640;0;1;5;плохо;плохо;отсутствует;хорошо;хорошо
жен;51;нет;4321;1;0;4;хорошо;плохо;хорошо;плохо;плохо
жен;90;да;3754;0;0;1;отсутствует;хорошо;плохо;отсутствует;хорошо
муж;19;нет;992;1;1;1;отсутствует;плохо;отсутствует;отсутствует;отсутствует
муж;67;нет;3971;0;0;5;отсутствует;отсутствует;плохо;хорошо;хорошо
жен;23;нет;1597;0;0;4;плохо;отсутствует;отсутствует;хорошо;хорошо
жен;57;да;310;1;0; ;хорошо;плохо;плохо;отсутствует;хорошо
жен;50;да;4621;1;1;4;хорошо;отсутствует;хорошо;отсутствует;плохо
жен;53;да;2569;1;1;5;хорошо;хорошо;отсутствует;отсутствует;хорошо
муж;33;нет;3289;1;1;2;хорошо;хорошо;плохо;плохо;отсутствует
муж;  ;да;4510;1;0;2;отсутствует;отсутствует;хорошо;хорошо;плохо
жен;88;да;1563;1;1;2;хорошо;плохо;отсутствует;хорошо;хорошо
жен;43;нет;3845;1;0;3;отсутствует;отсутствует;отсутствует;плохо;хорошо
жен;37;нет;4384;0;0;5;плохо;плохо;отсутствует;отсутствует;плохо
муж;30;нет;516;0;0;4;отсутствует;плохо;хорошо;хорошо;отсутствует
муж;44;да;2260;1;0;2;хорошо;плохо;хорошо;плохо;отсутствует
муж;27;да;1165;0;0;1;хорошо;плохо;плохо;плохо;хорошо
жен;36;да;1133;1;1;3;хорошо;отсутствует;отсутствует;хорошо;плохо
жен;87;нет;4582;1;1;4;плохо;плохо;плохо;отсутствует;плохо
жен;20;да;1652;1;0;3;хорошо;хорошо;плохо;хорошо;отсутствует
муж;31;нет;2661;0;0;1;плохо;плохо;плохо;хорошо;хорошо
жен;42;да;2538;0;1;3;плохо;плохо;хорошо;плохо;хорошо
муж;68;нет;1196;1;0;1;хорошо;плохо;плохо;хорошо;плохо
жен;82;да;1594;0;1;4;хорошо;отсутствует;плохо;отсутствует;плохо
муж;30;да;4872;1;1;3;отсутствует;плохо;отсутствует;отсутствует;плохо
муж;38;да;3814;0;1;3;отсутствует;хорошо;плохо;отсутствует;отсутствует
жен;36;нет;601;0;1;4;хорошо;отсутствует;плохо;хорошо;хорошо
муж;64;да;353;1;     ;2;хорошо;хорошо;хорошо;отсутствует;отсутствует
муж;60;да;2583;1;1;2;плохо;хорошо;хорошо;хорошо;хорошо
жен;88;да;4899;1;1;1;хорошо;отсутствует;хорошо;отсутствует;хорошо
жен;51;да;1790;0;1;1;хорошо;плохо;отсутствует;хорошо;хорошо
муж;34;да;3551;1;1;1;хорошо;плохо;отсутствует;плохо;плохо
муж;77;нет;4960;1;1;1;отсутствует;отсутствует;хорошо;плохо;плохо
муж;51;да;2886;0;0;    ;хорошо;плохо;отсутствует;отсутствует;плохо
муж;53;нет;2809;    ;1;3;плохо;плохо;отсутствует;отсутствует;отсутствует
муж;77;нет;3195;0;1;5;плохо;плохо;отсутствует;хорошо;плохо
муж;58;нет;1615;0;1;3;хорошо;     ;хорошо;отсутствует;отсутствует
муж;51;нет;4090;1;1;4;плохо;отсутствует;хорошо;плохо;отсутствует
жен;22;да;2473;0;0;1;плохо;хорошо;плохо;плохо;хорошо
муж;69;нет;4001;0;1;4;плохо;хорошо;хорошо;хорошо;плохо
жен;22;да;3440;1;1;4;хорошо;отсутствует;хорошо;хорошо;отсутствует
муж;23;да;4130;    ;1;4;хорошо;хорошо;отсутствует;плохо;отсутствует
жен;37;нет;3556;0;0;1;отсутствует;хорошо;отсутствует;плохо;отсутствует
муж;84;нет;2985;0;0;4;отсутствует;отсутствует;отсутствует;отсутствует;плохо
муж;77;да;859;1;0;2;плохо;хорошо;плохо;отсутствует;плохо
жен;28;нет;277;1;0;4;плохо;плохо;хорошо;хорошо;плохо
жен;42;да;2646;1;0;5;хорошо;отсутствует;отсутствует;хорошо;хорошо
муж;57;да;3857;0;1;5;хорошо;отсутствует;хорошо;плохо;отсутствует
жен;80;нет;4957;1;1;2;отсутствует;плохо;плохо;плохо;плохо
жен;73;да;2478;1;0;4;плохо;отсутствует;плохо;хорошо;плохо
жен;24;нет;1578;1;1;1;плохо;плохо;плохо;отсутствует;хорошо
муж;26;нет;685;0;0;1;плохо;хорошо;плохо;хорошо;отсутствует
муж;64;нет;3049;0;0;3;отсутствует;плохо;плохо;плохо;плохо
муж;26;да;3880;1;     ;4;хорошо;плохо;хорошо;отсутствует;плохо
муж;26;нет;2493;1;1;4;отсутствует;отсутствует;хорошо;хорошо;хорошо
муж;80;да;2754;1;0;4;плохо;хорошо;отсутствует;плохо;хорошо
муж;89;нет;3952;0;0;5;плохо;плохо;хорошо;плохо;отсутствует
муж;27;да;2499;0;1;2;отсутствует;хорошо;плохо;отсутствует;отсутствует
муж;80;нет;397;0;0;4;плохо;плохо;отсутствует;хорошо;плохо
жен;33;да;2185;1;1;2;отсутствует;отсутствует;отсутствует;отсутствует;отсутствует
муж;38;да;1185;1;0;4;отсутствует;плохо;хорошо;отсутствует;плохо
муж;67;нет;719;1;0;4;хорошо;хорошо;плохо;плохо;отсутствует
муж;80;да;3780;1;1;2;отсутствует;отсутствует;плохо;плохо;хорошо
муж;58;да;1966;0;1;5;хорошо;хорошо;плохо;плохо;хорошо
муж;87;нет;784;0;1;4;отсутствует;отсутствует;отсутствует;отсутствует;отсутствует
муж;65;нет;3675;1;0;4;плохо;плохо;отсутствует;отсутствует;хорошо
жен;82;да;115;1;0;4;хорошо;плохо;плохо;плохо;хорошо
муж;22;нет;116;1;0;5;плохо;отсутствует;отсутствует;отсутствует;плохо
муж;32;да;528;1;1;3;плохо;отсутствует;хорошо;плохо;плохо
жен;50;да;     ;1;0;1;отсутствует;хорошо;плохо;плохо;отсутствует
жен;48;да;2398;0;1;3;хорошо;хорошо;отсутствует;отсутствует;плохо
муж;78;да;1257;0;0;2;плохо;отсутствует;плохо;плохо;хорошо
муж;70;нет;1087;0;0;4;отсутствует;хорошо;отсутствует;плохо;хорошо
муж;46;нет;2476;0;0;1;плохо;хорошо;хорошо;плохо;хорошо
жен;60;нет;269;1;1;2;хорошо;отсутствует;отсутствует;плохо;отсутствует
муж;83;нет;3382;0;0;5;плохо;хорошо;отсутствует;хорошо;плохо
муж;54;да;1947;1;1;4;отсутствует;плохо;отсутствует;хорошо;хорошо
муж;30;да;1777;0;0;2;плохо;хорошо;плохо;хорошо;хорошо
жен;84;нет;2563;1;1;1;хорошо;хорошо;отсутствует;отсутствует;хорошо
жен;34;нет;1464;1;1;4;плохо;плохо;плохо;хорошо;хорошо
жен;59;да;3932;0;1;3;плохо;отсутствует;хорошо;отсутствует;отсутствует
муж;88;нет;3975;1;1;2;хорошо;хорошо;отсутствует;плохо;отсутствует
жен;40;нет;3050;0;1;4;отсутствует;отсутствует;хорошо;плохо;хорошо
жен;75;нет;4595;1;1;1;отсутствует;плохо;отсутствует;плохо;хорошо
муж;75;нет;1314;1;1;5;плохо;отсутствует;плохо;хорошо;хорошо
жен;49;нет;3565;0;0;2;отсутствует;отсутствует;отсутствует;отсутствует;плохо
муж;85;нет;1981;1;0;3;хорошо;плохо;отсутствует;отсутствует;хорошо
муж;46;да;   ;1;0;4;отсутствует;плохо;отсутствует;плохо;отсутствует
муж;80;да;4430;1;1;1;отсутствует;     ;плохо;отсутствует;плохо
жен;52;да;115;1;0;4;отсутствует;отсутствует;хорошо;хорошо;отсутствует
муж;78;нет;2493;0;0;4;хорошо;плохо;хорошо;отсутствует;отсутствует
муж;80;нет;1105;0;1;4;хорошо;хорошо;хорошо;отсутствует;отсутствует
муж;69;нет;472;0;1;3;хорошо;хорошо;хорошо;плохо;отсутствует
жен;41;нет;1840;0;0;1;плохо;плохо;хорошо;отсутствует;плохо
жен;37;нет;4009;0;0;4;плохо;отсутствует;отсутствует;плохо;хорошо
муж;60;да;3873;0;0;4;плохо;хорошо;плохо;отсутствует;хорошо
жен;32;да;1684;0;1;2;плохо;хорошо;отсутствует;хорошо;плохо
жен;87;да;805;0;1;1;хорошо;плохо;плохо;плохо;отсутствует
муж;79;да;439;1;1;3;хорошо;хорошо;хорошо;хорошо;плохо
муж;72;да;4900;1;0;5;хорошо;отсутствует;отсутствует;хорошо;плохо
муж;67;нет;2687;0;1;3;плохо;отсутствует;плохо;отсутствует;отсутствует
муж;76;нет;2620;0;1;1;плохо;отсутствует;плохо;хорошо;хорошо
муж;24;нет;511;1;0;3;отсутствует;отсутствует;плохо;хорошо;хорошо
муж;89;нет;126;1;0;1;отсутствует;отсутствует;хорошо;хорошо;отсутствует
жен;50;нет;3409;0;0;4;отсутствует;отсутствует;плохо;отсутствует;плохо
муж;45;нет;1616;1;1;1;плохо;хорошо;отсутствует;хорошо;отсутствует
жен;57;нет;1979;1;0;2;отсутствует;отсутствует;отсутствует;хорошо;отсутствует
муж;64;нет;196;1;0;1;плохо;плохо;хорошо;отсутствует;плохо
муж;46;нет;2175;0;1;    ;плохо;плохо;плохо;хорошо;плохо
жен;52;да;3762;0;1;4;отсутствует;хорошо;плохо;отсутствует;отсутствует
жен;18;да;3139;0;1;2;плохо;отсутствует;плохо;плохо;отсутствует
муж;34;да;2325;0;1;4;отсутствует;плохо;отсутствует;хорошо;хорошо
жен;80;нет;2065;1;0;4;плохо;отсутствует;отсутствует;хорошо;отсутствует
муж;47;нет;1009;0;0;4;плохо;хорошо;отсутствует;плохо;хорошо
муж;72;да;1681;0;0;3;отсутствует;отсутствует;хорошо;отсутствует;плохо
жен;78;нет;3070;1;0;5;плохо;хорошо;хорошо;отсутствует;отсутствует
муж;79;нет;1213;0;0;3;плохо;отсутствует;отсутствует;отсутствует;плохо
муж;69;нет;755;0;0;5;хорошо;хорошо;плохо;хорошо;плохо
муж;56;нет;649;1;1;1;хорошо;отсутствует;плохо;хорошо;отсутствует
жен;26;нет;2046;0;1;5;хорошо;отсутствует;хорошо;отсутствует;плохо
жен;55;да;4763;1;1;4;отсутствует;хорошо;плохо;плохо;отсутствует
жен;53;да;2155;0;0;3;плохо;отсутствует;плохо;плохо;плохо
муж;76;да;2323;1;1;2;отсутствует;хорошо;хорошо;хорошо;хорошо
муж;90;нет;4185;0;0;4;хорошо;плохо;отсутствует;плохо;плохо
муж;69;да;4688;0;1;2;плохо;плохо;плохо;хорошо;плохо
жен;43;да;4257;1;0;5;хорошо;отсутствует;хорошо;плохо;отсутствует
жен;42;нет;2696;1;1;4;хорошо;плохо;хорошо;плохо;отсутствует
жен;67;да;335;1;0;3;хорошо;хорошо;плохо;плохо;плохо
жен;79;нет;2139;0;1;4;хорошо;отсутствует;хорошо;плохо;отсутствует
жен;39;да;592;0;0;2;плохо;плохо;плохо;хорошо;хорошо
жен;60;нет;3185;1;1;4;хорошо;отсутствует;отсутствует;хорошо;хорошо
муж;86;да;1032;1;1;4;плохо;плохо;хорошо;хорошо;плохо
жен;30;нет;343;0;0;1;отсутствует;отсутствует;плохо;отсутствует;плохо
жен;87;нет;3584;0;1;5;  ;плохо;отсутствует;отсутствует;хорошо
жен;65;да;3144;1;1;5;отсутствует;плохо;плохо;плохо;плохо
муж;53;да;2046;1;1;1;отсутствует;хорошо;плохо;плохо;отсутствует
жен;88;нет;300;1;1;2;плохо;отсутствует;хорошо;плохо;отсутствует
жен;33;да;2774;1;0;5;отсутствует;отсутствует;хорошо;плохо;плохо
муж;63;да;4146;0;0;4;плохо;хорошо;отсутствует;отсутствует;отсутствует
жен;79;да;2757;1;0;3;плохо;плохо;хорошо;хорошо;хорошо
муж;81;нет;4613;1;1;5;плохо;   ;хорошо;отсутствует;хорошо
жен;78;нет;4785;0;0;1;плохо;хорошо;отсутствует;хорошо;отсутствует
жен;41;нет;4105;0;0;1;плохо;отсутствует;хорошо;хорошо;отсутствует
жен;46;нет;1172;1;1;     ;плохо;хорошо;плохо;хорошо;отсутствует
жен;29;нет;1348;0;1;2;плохо;отсутствует;плохо;хорошо;плохо
жен;59;да;803;1;1;5;отсутствует;отсутствует;плохо;плохо;отсутствует
жен;56;да;2833;0;1;5;хорошо;хорошо;отсутствует;хорошо;хорошо
жен;32;нет;231;0;0;1;хорошо;хорошо;отсутствует;отсутствует;плохо
жен;73;да;4846;1;0;2;отсутствует;плохо;плохо;   ;хорошо
жен;42;нет;230;1;1;3;хорошо;плохо;хорошо;отсутствует;хорошо
жен;23;да;2371;0;0;4;отсутствует;отсутствует;отсутствует;хорошо;плохо
жен;38;да;4222;1;1;5;плохо;хорошо;хорошо;отсутствует;плохо
муж;61;нет;3475;0;1;3;хорошо;плохо;плохо;плохо;плохо
муж;73;да;2668;0;0;1;плохо;плохо;хорошо;отсутствует;плохо
жен;80;нет;4536;0;0;5;хорошо;хорошо;хорошо;отсутствует;отсутствует
муж;84;нет;3968;0;1;3;хорошо;хорошо;отсутствует;плохо;хорошо
жен;66;нет;2555;0;1;2;плохо;плохо;отсутствует;плохо;плохо
муж;33;нет;4904;0;1;3;плохо;отсутствует;хорошо;плохо;хорошо
жен;66;да;939;1;0;4;хорошо;плохо;отсутствует;отсутствует;отсутствует
муж;56;нет;2903;0;0;1;отсутствует;отсутствует;отсутствует;хорошо;хорошо
муж;34;да;738;0;1;1;плохо;хорошо;отсутствует;отсутствует;плохо
жен;30;да;2699;1;1;4;хорошо;плохо;хорошо;хорошо;отсутствует
жен;31;да;3217;0;1;4;плохо;отсутствует;отсутствует;хорошо;плохо
жен;74;нет;3475;0;1;5;хорошо;отсутствует;хорошо;плохо;плохо
муж;70;нет;1579;0;1;1;отсутствует;плохо;отсутствует;хорошо;отсутствует
муж;21;нет;145;0;0;4;отсутствует;хорошо;хорошо;хорошо;плохо
муж;45;нет;2743;0;0;3;хорошо;отсутствует;отсутствует;отсутствует;хорошо
муж;51;да;2021;1;1;1;плохо;плохо;плохо;отсутствует;хорошо
муж;33;да;3948;0;1;4;плохо;отсутствует;хорошо;отсутствует;отсутствует
муж;26;да;2093;0;0;1;плохо;хорошо;плохо;отсутствует;плохо
муж;45;нет;3710;0;1;3;хорошо;хорошо;хорошо;хорошо;плохо
жен;25;нет;722;1;0;4;отсутствует;отсутствует;плохо;плохо;плохо
муж;90;нет;431;1;0;2;отсутствует;плохо;отсутствует;отсутствует;отсутствует
жен;29;да;3044;1;0;2;хорошо;отсутствует;плохо;плохо;отсутствует
жен;74;нет;4965;0;1;5;отсутствует;хорошо;отсутствует;отсутствует;хорошо
жен;21;нет;913;0;0;1;плохо;отсутствует;плохо;отсутствует;плохо
жен;61;нет;1163;1;0;4;хорошо;хорошо;отсутствует;хорошо;плохо
жен;57;да;1114;0;0;4;хорошо;хорошо;хорошо;хорошо;хорошо
жен;30;нет;468;1;1;3;плохо;плохо;отсутствует;хорошо;отсутствует
муж;48;да;766;1;0;1;отсутствует;хорошо;хорошо;отсутствует;отсутствует
муж;61;да;1445;0;1;2;хорошо;плохо;отсутствует;плохо;отсутствует
жен;25;нет;4752;1;1;5;отсутствует;хорошо;хорошо;отсутствует;хорошо
муж;90;нет;358;1;1;5;отсутствует;плохо;отсутствует;отсутствует;отсутствует
жен;86;нет;4572;0;0;4;хорошо;плохо;плохо;плохо;хорошо
жен;74;да;3601;0;0;4;отсутствует;хорошо;плохо;отсутствует;отсутствует
муж;63;нет;4387;1;0;1;отсутствует;отсутствует;отсутствует;плохо;плохо
муж;40;да;3656;0;1;3;хорошо;хорошо;плохо;отсутствует;отсутствует
муж;44;нет;3497;0;0;2;отсутствует;плохо;плохо;плохо;отсутствует
муж;45;нет;3550;0;1;2;   ;отсутствует;отсутствует;плохо;отсутствует
муж;68;нет;3404;1;1;5;плохо;плохо;плохо;хорошо;отсутствует
жен;78;нет;974;1;1;1;плохо;отсутствует;отсутствует;отсутствует;хорошо
    ;77;да;2496;0;1;1;плохо;хорошо;плохо;отсутствует;плохо
жен;54;нет;2008;1;0;5;плохо;отсутствует;отсутствует;отсутствует;отсутствует
жен;35;да;2072;1;0;3;отсутствует;отсутствует;отсутствует;плохо;отсутствует
жен;35;нет;2635;0;1;5;плохо;отсутствует;хорошо;плохо;отсутствует
муж;64;да;2167;1;0;1;отсутствует;хорошо;плохо;отсутствует;отсутствует
муж;85;нет;1142;1;0;2;хорошо;плохо;плохо;хорошо;отсутствует
жен;77;нет;2152;0;0;3;отсутствует;хорошо;плохо;отсутствует;хорошо
муж;75;да;4859;0;1;5;отсутствует;хорошо;хорошо;плохо;хорошо
жен;51;   ;439;0;0;3;плохо;хорошо;хорошо;отсутствует;отсутствует
муж;28;нет;1664;0;1;1;хорошо;хорошо;плохо;хорошо;отсутствует
жен; ;да;4973;1;1;2;хорошо;хорошо;плохо;отсутствует;хорошо
муж;60;да;2238;0;1;1;хорошо;отсутствует;плохо;плохо;отсутствует
жен;72;нет;744;1;1;3;отсутствует;плохо;отсутствует;плохо;плохо
жен;76;нет;3548;0;0;4;отсутствует;хорошо;хорошо;хорошо;хорошо
муж;47;да;3500;1;1;4;отсутствует;плохо;плохо;хорошо;плохо
жен;56;да;4466;1;0;1;отсутствует;отсутствует;отсутствует;плохо;отсутствует
муж;67;нет;2502;0;1;1;хорошо;плохо;плохо;плохо;плохо
жен;36;да;2626;1;1;5;отсутствует;хорошо;плохо;плохо;хорошо
муж;60;нет;4990;1;1;2;хорошо;отсутствует;плохо;отсутствует;хорошо
жен;68;да;3554;0;1;1;плохо;хорошо;отсутствует;плохо;хорошо
муж;54;нет;609;0;0;2;плохо;плохо;хорошо;хорошо;плохо
муж;75;нет;3407;0;0;2;плохо;отсутствует;плохо;плохо;отсутствует
муж;85;нет;1324;1;1;2;плохо;плохо;плохо;плохо;хорошо
муж;65;да;2028;1;0;4;хорошо;хорошо;хорошо;хорошо;отсутствует
муж;61;нет;3440;1;0;1;хорошо;хорошо;хорошо;плохо;хорошо
муж;53;нет;3651;0;1;3;хорошо;плохо;отсутствует;хорошо;плохо
жен;68;да;1660;1;1;3;хорошо;плохо;отсутствует;хорошо;плохо
муж;70;да;1799;0;1;3;плохо;отсутствует;хорошо;плохо;плохо
муж;37;да;4158;1;1;3;хорошо;плохо;плохо;плохо;плохо
жен;88;да;3679;1;0;1;хорошо;отсутствует;плохо;плохо;отсутствует
жен;20;нет;2903;0;0;4;отсутствует;отсутствует;отсутствует;хорошо;отсутствует
муж;48;    ;4815;1;0;5;хорошо;хорошо;хорошо;хорошо;отсутствует
муж;35;нет;833;0;0;2;плохо;хорошо;плохо;отсутствует;хорошо
муж;78;нет;1273;0;1;1;плохо;плохо;хорошо;хорошо;хорошо
муж;51;нет;3587;1;1;1;хорошо;отсутствует;отсутствует;отсутствует;хорошо
жен;89;нет;2118;0;0;2;отсутствует;плохо;отсутствует;отсутствует;отсутствует
муж;39;да;4959;1;1;4;плохо;плохо;плохо;хорошо;отсутствует
муж;18;нет;673;0;1;2;отсутствует;    ;отсутствует;отсутствует;отсутствует
жен;68;да;3125;1;1;4;хорошо;плохо;отсутствует;отсутствует;отсутствует
муж;24;да;3974;1;0;2;хорошо;хорошо;отсутствует;хорошо;плохо
жен;41;да;511;0;1;1;отсутствует;отсутствует;плохо;хорошо;плохо
муж;72;да;4547;0;1;2;хорошо;плохо;отсутствует;плохо;плохо
муж;48;да;4729;0;1;3;отсутствует;хорошо;хорошо;отсутствует;хорошо
муж;32;нет;3117;1;1;2;отсутствует;хорошо;плохо;отсутствует;хорошо
муж;63;нет;4880;1;0;5;хорошо;хорошо;отсутствует;плохо;хорошо
муж;46;нет;1245;0;0;3;отсутствует;плохо;отсутствует;плохо;отсутствует
жен;42;нет;3260;0;0;3;плохо;хорошо;хорошо;хорошо;отсутствует
жен;20;да;1313;1;1;4;   ;отсутствует;плохо;хорошо;хорошо
муж;46;нет;4309;0;1;1;плохо;плохо;отсутствует;хорошо;отсутствует
муж;39;да;3975;1;1;2;плохо;отсутствует;хорошо;отсутствует;отсутствует
муж;39;да;4694;0;1;1;хорошо;плохо;отсутствует;отсутствует;хорошо
жен;83;да;3198;1;1;5;хорошо;хорошо;плохо;хорошо;плохо
жен;36;да;2830;1;1;4;отсутствует;отсутствует;хорошо;хорошо;хорошо
муж;24;да;3409;0;0;2;хорошо;отсутствует;отсутствует;отсутствует;плохо
муж;54;нет;3924;1;0;4;хорошо;плохо;хорошо;плохо;хорошо
жен;34;нет;4477;0;0;2;отсутствует;плохо;хорошо;плохо;отсутствует
муж;49;да;3808;0;1;2;хорошо;плохо;плохо;плохо;плохо
жен;45;да;  ;0;1;1;отсутствует;отсутствует;плохо;плохо;хорошо
муж;32;да;2360;0;0;5;плохо;отсутствует;хорошо;хорошо;отсутствует
муж;58;да;840;0;0;2;плохо;плохо;плохо;плохо;хорошо
жен;51;нет;4791;1;0;1;плохо;отсутствует;хорошо;отсутствует;плохо
муж;88;да;1795;1;0;1;хорошо;отсутствует;плохо;плохо;плохо
муж;63;да;1885;1;0;2;хорошо;плохо;плохо;плохо;отсутствует
муж;22;нет;3744;1;0;3;плохо;хорошо;плохо;плохо;отсутствует
муж;37;да;3944;0;1;1;отсутствует;плохо;отсутствует;отсутствует;отсутствует
жен;50;да;4773;1;0;4;плохо;отсутствует;плохо;плохо;отсутствует
жен;84;да;1374;0;1;4;отсутствует;плохо;плохо;плохо;отсутствует
жен;39;да;1011;0;0;1;отсутствует;плохо;плохо;хорошо;плохо
жен;72;да;4452;0;0;3;плохо;отсутствует;плохо;отсутствует;хорошо
жен;73;да;1953;0;1;4;отсутствует;плохо;отсутствует;плохо;отсутствует
муж;32;да;1334;1;1;5;плохо;плохо;отсутствует;  ;отсутствует
жен;64;да;1449;1;0;3;отсутствует;плохо;плохо;отсутствует;хорошо
жен;72;нет;1496;0;1;2;плохо;отсутствует;плохо;отсутствует;хорошо
муж;37;нет;2088;1;1;2;отсутствует;отсутствует;отсутствует;отсутствует;хорошо
муж;32;да;1548;0;1;5;хорошо;плохо;отсутствует;плохо;отсутствует
жен;41;да;3466;0;1;5;отсутствует;отсутствует;хорошо;плохо;отсутствует
муж;39;да;4094;1;1;2;плохо;плохо;плохо;хорошо;плохо
муж;43;да;4881;0;0;3;плохо;плохо;хорошо;отсутствует;хорошо
муж;64;да;833;1;0;1;плохо;плохо;плохо;хорошо;хорошо
муж;62;да;2527;0;1;4;плохо;хорошо;  ;плохо;отсутствует
жен;89;да;4566;1;0;4;хорошо;плохо;плохо;отсутствует;отсутствует
муж;80;да;617;1;1;1;отсутствует;хорошо;плохо;хорошо;хорошо
жен;32;да;3287;0;0;2;хорошо;хорошо;отсутствует;отсутствует;плохо
жен;67;да;693;1;0;5;отсутствует;плохо;плохо;плохо;отсутствует
жен;32;нет;1723;0;1;3;отсутствует;плохо;плохо;отсутствует;отсутствует
жен;88;да;3839;1;1;5;отсутствует;плохо;плохо;хорошо;отсутствует
жен;47;нет;1157;1;1;3;хорошо;плохо;хорошо;отсутствует;плохо
муж;74;да;329;1;0;3;плохо;отсутствует;плохо;отсутствует;хорошо
муж;25;нет;1831;0;1;5;плохо;хорошо;хорошо;плохо;отсутствует
жен;50;нет;1708;0;1;1;плохо;отсутствует;отсутствует;отсутствует;хорошо
жен;35;нет;4660;0;1;5;хорошо;плохо;отсутствует;хорошо;плохо
муж;53;нет;1613;1;0;2;отсутствует;хорошо;хорошо;отсутствует;плохо
жен;41;да;3537;1;1;3;отсутствует;отсутствует;хорошо;отсутствует;хорошо
муж;62;нет;3124;0;0;5;плохо;хорошо;отсутствует;плохо;плохо
муж;58;нет;2270;0;1;1;хорошо;отсутствует;плохо;отсутствует;отсутствует
муж;90;да;192;0;1;1;отсутствует;плохо;хорошо;хорошо;хорошо
жен;28;нет;1851;1;1;1;хорошо;хорошо;плохо;хорошо;хорошо
жен;81;нет;2143;1;1;2;отсутствует;хорошо;плохо;хорошо;хорошо
жен;41;да;3214;0;1;4;отсутствует;плохо;хорошо;отсутствует;хорошо
муж;35;нет;2553;1;0;2;хорошо;плохо;отсутствует;хорошо;плохо
жен;32;нет;1263;1;0;5;хорошо;отсутствует;плохо;хорошо;плохо
муж;34;нет;4549;1;1;3;хорошо;хорошо;хорошо;хорошо;плохо
муж;50;нет;911;0;0;4;плохо;плохо;плохо;плохо;хорошо
муж;35;да;279;0;1;2;хорошо;отсутствует;плохо;отсутствует;отсутствует
жен;44;нет;4241;0;0;1;отсутствует;хорошо;отсутствует;хорошо;отсутствует
жен;82;нет;3975;0;0;1;хорошо;отсутствует;отсутствует;плохо;плохо
муж;57;да;1912;1;1;5;плохо;плохо;хорошо;отсутствует;плохо
муж;30;нет;3483;0;1;3;хорошо;хорошо;плохо;плохо;хорошо
муж;18;да;2055;1;0;3;хорошо;хорошо;отсутствует;отсутствует;хорошо
жен;53;нет;2938;0;1;2;плохо;плохо;хорошо;хорошо;хорошо
жен;55;да;2409;1;0;5;плохо;хорошо;плохо;отсутствует;отсутствует
муж;34;нет;3321;1;0;5;хорошо;плохо;    ;плохо;плохо
муж;42;да;4982;0;0;1;отсутствует;плохо;хорошо;плохо;отсутствует
 ;51;да;2978;0;1;5;отсутствует;отсутствует;хорошо;плохо;плохо
жен;80;да;436;1;1;1;плохо;плохо;хорошо;хорошо;отсутствует
жен;34;да;2650;0;1;4;отсутствует;плохо;отсутствует;отсутствует;хорошо
жен;43;да;2683;1;0;5;хорошо;хорошо;отсутствует;отсутствует;отсутствует
жен;29;нет;4412;1;   ;2;плохо;отсутствует;хорошо;хорошо;плохо
муж;86;да;1711;1;0;5;отсутствует;плохо;плохо;отсутствует;плохо
жен;90;да;1997;1;1;3;отсутствует;плохо;отсутствует;отсутствует;отсутствует
жен;20;да;1967;1;1;5;плохо;отсутствует;отсутствует;хорошо;хорошо
жен;86;да;     ;0;1;5;плохо;хорошо;плохо;отсутствует;отсутствует
жен;35;да;1669;1;0;2;плохо;хорошо;плохо;хорошо;хорошо
муж;49;да;3502;1;0;4;хорошо;плохо;хорошо;отсутствует;отсутствует
жен;85;нет;3397;0;0;4;хорошо;плохо;плохо;отсутствует;отсутствует
муж;37;да;4686;0;0;3;отсутствует;хорошо;отсутствует;плохо;отсутствует
муж;36;да;272;1;1;5;хорошо;отсутствует;отсутствует;хорошо;плохо
муж;49;да;4140;0;0;4;отсутствует;отсутствует;отсутствует;плохо;хорошо
жен;54;нет;1106;0;0;2;отсутствует;отсутствует;хорошо;плохо;плохо
муж;43;да;1684;1;1;2;хорошо;отсутствует;хорошо;хорошо;отсутствует
муж;88;нет;4202;0;0;1;плохо;плохо;хорошо;плохо;хорошо
муж;43;да;3151;1;1;4;отсутствует;отсутствует;хорошо;хорошо;отсутствует
муж;37;да;2553;1;1;5;хорошо;отсутствует;хорошо;хорошо;плохо
муж;30;нет;4151;0;0;3;плохо;хорошо;плохо;хорошо;отсутствует
муж;59;нет;205;1;0;3;плохо;плохо;плохо;хорошо;хорошо
жен;69;да;3331;0;1;3;плохо;плохо;хорошо;отсутствует;плохо
муж;79;да;1473;0;0;2;плохо;отсутствует;плохо;плохо;хорошо
муж;57;да;4618;0;1;1;плохо;хорошо;хорошо;плохо;хорошо
жен;73;нет;4261;1;0;1;   ;хорошо;отсутствует;хорошо;хорошо
жен;76;да;618;1;1;5;отсутствует;отсутствует;хорошо;плохо;отсутствует
муж;70;да;2709;1;1;5;хорошо;хорошо;плохо;хорошо;отсутствует
жен;58;нет;806;0;1;1;хорошо;хорошо;плохо;хорошо;отсутствует
жен;29;да;2333;1;0;5;хорошо;отсутствует;плохо;хорошо;хорошо
муж;63;да;4497;1;0;5;плохо;отсутствует;хорошо;плохо;хорошо
муж;59;нет;2719;0;1;1;плохо;плохо;отсутствует;отсутствует;хорошо
жен;51;да;3776;1;1;5;отсутствует;отсутствует;хорошо;хорошо;плохо
жен;49;да;1681;0;0;3;отсутствует;хорошо;хорошо;отсутствует;хорошо
муж;46;нет;4157;0;1;5;хорошо;хорошо;отсутствует;хорошо;отсутствует
жен;87;нет;1884;0;1;2;плохо;плохо;отсутствует;плохо;хорошо
муж;48;нет;4115;1;1;1;отсутствует;плохо;отсутствует;хорошо;отсутствует
жен;25;нет;3644;0;1;  ;плохо;хорошо;отсутствует;плохо;отсутствует
жен;83;да;4772;0;1;2;плохо;отсутствует;отсутствует;отсутствует;хорошо
жен;31;нет;878;0;1;5;плохо;отсутствует;отсутствует;плохо;плохо
муж;86;да;4924;1;0;1;отсутствует;плохо;плохо;плохо;отсутствует
жен;23;нет;3057;1;0;3;плохо;хорошо;отсутствует;хорошо;хорошо
жен;23;да;3264;1;0;2;плохо;хорошо;плохо;отсутствует;плохо
жен;36;нет;1323;1;0;2;плохо;отсутствует;хорошо;отсутствует;плохо
муж;65;да;305;0;1;3;отсутствует;отсутствует;отсутствует;плохо;отсутствует
муж;70;нет;2167;0;0;4;плохо;плохо;плохо;отсутствует;плохо
жен;29;нет;464;0;1;2;отсутствует;плохо;плохо;отсутствует;плохо
муж;25;да;4737;1;0;4;отсутствует;хорошо;отсутствует;хорошо;хорошо
муж;45;да;4542;1;0;3;хорошо;хорошо;отсутствует;хорошо;отсутствует
муж;58;нет;2337;1;1;2;плохо;хорошо;хорошо;хорошо;отсутствует
муж;30;нет;1739;0;1;3;отсутствует;отсутствует;хорошо;отсутствует;хорошо
жен;32;да;2310;1;0;5;отсутствует;отсутствует;  ;плохо;хорошо
жен;59;да;1412;0;1;4;отсутствует;отсутствует;хорошо;отсутствует;плохо
муж;55;нет;1060;0;1;5;хорошо;хорошо;хорошо;хорошо;плохо
жен;39;да;4913;1;0;4;плохо;плохо;хорошо;хорошо;плохо
муж;44;да;4337;0;1;4;отсутствует;плохо;отсутствует;хорошо;отсутствует
жен;89;да;4530;1;0;3;отсутствует;отсутствует;хорошо;плохо;отсутствует
муж;82;нет;3009;1;0;2;плохо;хорошо;хорошо;хорошо;хорошо
муж;31;да;2689;1;0;2;хорошо; ;плохо;отсутствует;отсутствует
жен;46;да;4828;0;0;1;отсутствует;отсутствует;плохо;отсутствует;отсутствует
муж;23;да;2867;0;0;4;плохо;плохо;плохо;отсутствует;плохо
муж;58;да;606;1;1;2;плохо;плохо;хорошо;отсутствует;плохо
жен;35;да;4720;1;0;3;отсутствует;хорошо;хорошо;хорошо;плохо
жен;75;нет;752;0;0;5;хорошо;отсутствует;плохо;плохо;хорошо
муж;86;нет;1798;0;1;3;плохо;плохо;    ;хорошо;хорошо
муж;76;нет;2052;0;1;2;плохо;плохо;плохо;отсутствует;плохо
муж;64;да;2108;0;1;5;отсутствует;хорошо;отсутствует;плохо;плохо
жен;26;нет;1863;0;1;5;хорошо;отсутствует;отсутствует;хорошо;плохо
жен;81;нет;1702;0;1;1;хорошо;плохо;отсутствует;отсутствует;плохо
муж;22;да;2492;1;1;3;отсутствует;отсутствует;отсутствует;хорошо;плохо
жен;19;нет;2570;1;1;3;плохо;плохо;хорошо;плохо;отсутствует
муж;70;да;901;1;0;2;плохо;хорошо;плохо;плохо;отсутствует
муж;55;да;1940;1;1;3;хорошо;отсутствует;плохо;хорошо;хорошо
жен;34;да;1206;0;1;4;отсутствует;плохо;плохо;отсутствует;хорошо
жен;43;да;2023;1;0;4;плохо;плохо;хорошо;плохо;отсутствует
муж;66;нет;494;1;1;2;плохо;отсутствует;хорошо;хорошо;отсутствует
жен;77;да;2998;1;0;3;отсутствует;хорошо;отсутствует;хорошо;хорошо
жен;32;нет;2486;0;1;5;плохо;хорошо;плохо;хорошо;плохо
муж;19;да;2396;0;1;2;отсутствует;плохо;отсутствует;плохо;отсутствует
муж;66;нет;2826;1;0;3;плохо;хорошо;плохо;хорошо;плохо
жен;46;нет;3157;1;1;   ;хорошо;хорошо;отсутствует;плохо;отсутствует
муж;88;да;2761;0;1;5;плохо;хорошо;плохо;хорошо;хорошо
жен;60;нет;1047;1;1;2;отсутствует;отсутствует;отсутствует;плохо;плохо
муж;64;да;964;1;0;5;плохо;плохо;хорошо;отсутствует;отсутствует
жен;38;да;1619;1;0;3;хорошо;отсутствует;хорошо;хорошо;плохо
жен;89;нет;4567;1;1;5;отсутствует;хорошо;хорошо;отсутствует;хорошо
муж;47;нет;214;1;0;3;плохо;отсутствует;отсутствует;плохо;плохо
жен;65;нет;2019;0;0;5;отсутствует;отсутствует;отсутствует;плохо;плохо
жен;62;да;898;0;0;4;плохо;плохо;   ;хорошо;хорошо
жен;26;да;2298;1;0;4;плохо;отсутствует;хорошо;плохо;отсутствует
жен;32;нет;3720;1;1;3;хорошо;отсутствует;плохо;отсутствует;хорошо
муж;29;да;2046;0;0;3;хорошо;хорошо;отсутствует;хорошо;плохо
муж;65;нет;3337;0;1;4;плохо;хорошо;плохо;хорошо;отсутствует
жен;76;нет;2896;0;1;2;хорошо;отсутствует;отсутствует;отсутствует;хорошо
муж;80;да;3419;1;1;2;отсутствует;отсутствует;плохо;плохо;отсутствует
муж;29;нет;2919;0;0;1;отсутствует;плохо;отсутствует;плохо;плохо
жен;87;да;1489;1;0;1;плохо;хорошо;плохо;отсутствует;плохо
жен;20;да;1092;0;1;3;хорошо;хорошо;хорошо;отсутствует;отсутствует
муж;26;нет;400;1;0;5;хорошо;отсутствует;плохо;хорошо;хорошо
муж;28;да;4740;1;0;4;хорошо;плохо;отсутствует;отсутствует;плохо
муж;83;нет;4815;1;1;2;отсутствует;плохо;плохо;отсутствует;плохо
муж;51;да;4964;1;1;2;отсутствует;отсутствует;отсутствует;отсутствует;плохо
жен;69;нет;4837;1;0;2;хорошо;хорошо;отсутствует;плохо;плохо
муж;52;нет;3661;0;1;5;хорошо;отсутствует;плохо;отсутствует;плохо
муж;67;нет;4978;1;0;3;отсутствует;хорошо;отсутствует;хорошо;отсутствует
жен;89;да;2346;1;0;4;хорошо;хорошо;плохо;хорошо;плохо
жен;44;нет;1249;0;0;2;     ;хорошо;хорошо;отсутствует;отсутствует
муж;85;да;4509;0;0;2;плохо;плохо;отсутствует;отсутствует;отсутствует
муж;44;нет;2543;0;1;2;хорошо;плохо;плохо;плохо;хорошо
муж;26;нет;905;  ;0;2;отсутствует;отсутствует;плохо;отсутствует;отсутствует
жен;51;да;2424;0;0;1;плохо;хорошо;хорошо;хорошо;отсутствует
жен;52;нет;2260;0;0;5;хорошо;хорошо;хорошо;хорошо;плохо
муж;58;нет;1455;1;0;2;отсутствует;отсутствует;отсутствует;плохо;отсутствует
муж;65;да;4252;1;1;3;отсутствует;отсутствует;отсутствует;отсутствует;отсутствует
муж;39;да;1358;1;1;1;отсутствует;плохо;отсутствует;хорошо;отсутствует
жен;90;да;3366;0;0;4;хорошо;отсутствует;хорошо;хорошо;хорошо
муж;74;да;1164;0;0;3;отсутствует;отсутствует;плохо;отсутствует;хорошо
муж;40;да;3381;1;0;1;отсутствует;хорошо;плохо;плохо;хорошо
жен;48;да;   ;0;0;5;отсутствует;отсутствует;хорошо;плохо;плохо
муж;19;нет;1366;0;0;1;хорошо;отсутствует;хорошо;хорошо;плохо
муж;71;нет;4069;1;0;1;хорошо;плохо;    ;плохо;плохо
жен;56;нет;2713;0;1;2;отсутствует;хорошо;плохо;отсутствует;плохо
муж;42;да;1715;1;1;4;плохо;отсутствует;хорошо;хорошо;хорошо
жен;50;да;1293;1;0;5;плохо;отсутствует;плохо;плохо;хорошо
жен;38;да;1566;1;0;2;отсутствует;плохо;хорошо;хорошо;отсутствует
жен;70;да;2394;0;0;4;плохо;хорошо;плохо;плохо;отсутствует
жен;25;нет;2350;1;1;2;плохо;отсутствует;хорошо;отсутствует;плохо
жен;52;нет;3178;1;0;4;отсутствует;хорошо;хорошо;хорошо;отсутствует
муж;69;да;155;1;0;4;плохо;хорошо;отсутствует;плохо;хорошо
муж;27;нет;495;0;1;2;отсутствует;плохо;хорошо;хорошо;отсутствует
муж;30;да;2850;0;1;4;хорошо;отсутствует;отсутствует;отсутствует;отсутствует
муж;47;да;1505;0;0;1;хорошо;отсутствует;отсутствует;отсутствует;хорошо
жен;70;нет;844;1;1;2;плохо;плохо;плохо;плохо;отсутствует
муж;60;да;3287;0;1;4;отсутствует;отсутствует;хорошо;отсутствует;отсутствует
жен;23;да;2858;0;1;1;хорошо;плохо;хорошо;хорошо;отсутствует
жен;31;да;4087;1;1;5;хорошо;плохо;отсутствует;хорошо;хорошо
муж;59;нет;2423;0;0;2;плохо;хорошо;отсутствует;отсутствует;хорошо
муж;37;да;4563;0;1;1;отсутствует;хорошо;хорошо;отсутствует;хорошо
муж;64;нет;2872;0;1;5;плохо;хорошо;плохо;отсутствует;хорошо
муж;77;да;1562;0;0;1;хорошо;отсутствует;отсутствует;хорошо;хорошо
муж;72;нет;2543;1;0;3;отсутствует;хорошо;плохо;плохо;отсутствует
жен;85;да;3769;0;     ;2;плохо;отсутствует;плохо;отсутствует;отсутствует
муж;68;нет;704;1;0;1;хорошо;хорошо;отсутствует;хорошо;хорошо
муж;60;нет;1866;1;1;1;отсутствует;отсутствует;отсутствует;отсутствует;отсутствует
муж;40;нет;2746;0;0;3;хорошо;хорошо;отсутствует;хорошо;отсутствует
муж;85;нет;3453;0;1;1;хорошо;хорошо;отсутствует;отсутствует;отсутствует
жен;74;да;3588;1;0;2;плохо;плохо;плохо;плохо;плохо
муж;40;нет;1291;0;1;5;хорошо;плохо;хорошо;отсутствует;отсутствует
муж;43;да;1507;1;0;5;отсутствует;отсутствует;плохо;отсутствует;хорошо
муж;20;нет;634;0;1;4;плохо;отсутствует;отсутствует;хорошо;хорошо
муж;47;да;1346;0;1;1;хорошо;отсутствует;отсутствует;плохо;отсутствует
жен;44;да;2229;0;0;3;хорошо;плохо;хорошо;отсутствует;отсутствует
муж;27;да;2871;1;1;1;отсутствует;плохо;плохо;отсутствует;отсутствует
жен;35;нет;3967;1;0;5;отсутствует;отсутствует;хорошо;хорошо;хорошо
жен;49;да;574;1;0;2;отсутствует;хорошо;плохо;плохо;плохо
жен;36;да;3615;1;1;4;хорошо;плохо;хорошо;хорошо;плохо
жен;87;нет;2158;0;0;3;плохо;плохо;отсутствует;хорошо;плохо
жен;68;да;1699;0;0;2;отсутствует;плохо;плохо;отсутствует;плохо
муж;34;да;413;1;1;5;отсутствует;отсутствует;отсутствует;плохо;отсутствует
жен;74;нет;2919;0;0;2;плохо;отсутствует;хорошо;хорошо;плохо
жен;32;да;1802;0;1;4;хорошо;отсутствует;плохо;хорошо;плохо
жен;67;да;459;1;1;3;плохо;отсутствует;отсутствует;хорошо;хорошо
муж;48;нет;233;0;1;4;отсутствует;отсутствует;плохо;отсутствует;отсутствует
муж;36;да;2896;0;0;2;отсутствует;плохо;хорошо;хорошо;хорошо
муж;77;да;4181;0;1;2;отсутствует;плохо;хорошо;отсутствует;хорошо
муж;64;нет;3411;0;1;4;плохо;отсутствует;хорошо;плохо;плохо
муж;59;нет;1693;0;0;2;хорошо;плохо;отсутствует;плохо;плохо
жен;33;да;1077;1;0;4;отсутствует;плохо;плохо;хорошо;плохо
жен;46;да;3826;0;0;4;отсутствует;отсутствует;плохо;отсутствует;отсутствует
жен;75;нет;275;0;1;5;плохо;хорошо;хорошо;отсутствует;плохо
жен;82;нет;126;0;1;2;плохо;плохо;хорошо;хорошо;плохо
муж;    ;да;3245;1;1;3;хорошо;отсутствует;отсутствует;хорошо;плохо
муж;32;да;3866;0;1;5;отсутствует;плохо;плохо;отсутствует;хорошо
жен;70;нет;4504;0;0;2;плохо;хорошо;отсутствует;отсутствует;хорошо
муж;21;да;4284;0;1;1;хорошо;плохо;отсутствует;плохо;плохо
жен;61;да;3660;0;1;1;хорошо;плохо;плохо;отсутствует;плохо
жен;61;да;1774;0;1;2;плохо;отсутствует;отсутствует;отсутствует;отсутствует
муж;84;нет;4273;1;0;1;хорошо;отсутствует;хорошо;плохо;плохо
муж;76;нет;4686;0;0;3;хорошо;отсутствует;плохо;отсутствует;отсутствует
муж;59;да;4780;1;1;2;хорошо;плохо;хорошо;плохо;плохо
жен;53;нет;2183;1;1;4;хорошо;хорошо;хорошо;хорошо;отсутствует
жен;55;нет;3706;1;1;5;отсутствует;отсутствует;хорошо;отсутствует;плохо
муж;37;да;3182;0;1;5;плохо;хорошо;плохо;хорошо;хорошо
жен;47;да;244;0;0;5;хорошо;отсутствует;отсутствует;плохо;хорошо
жен;51;   ;192;1;0;2;плохо;отсутствует;отсутствует;плохо;отсутствует
муж;64;нет;820;0;1;4;отсутствует;отсутствует;плохо;отсутствует;хорошо
муж;66;нет;2149;1;0;4;плохо;отсутствует;отсутствует;хорошо;отсутствует
муж;33;да;2338;0;1;4;отсутствует;хорошо;хорошо;отсутствует;хорошо
жен;23;нет;3316;1;0;5;плохо;хорошо;плохо;отсутствует;хорошо
муж;58;нет;4716;1;0;4;плохо;плохо;отсутствует;отсутствует;плохо
муж;41;да;4423;0;0;4;хорошо;плохо;отсутствует;плохо;отсутствует
жен;76;да;1252;0;1;1;хорошо;хорошо;плохо;отсутствует;отсутствует
жен;83;нет;4785;0;1;4;плохо;отсутствует;отсутствует;хорошо;хорошо
жен;75;да;2685;1;1;1;отсутствует;плохо;отсутствует;плохо;хорошо
муж;84;нет;2932;0;1;3;отсутствует;хорошо;плохо;отсутствует;отсутствует
муж;28;да;3950;0;1;3;отсутствует;отсутствует;хорошо;хорошо;отсутствует
муж;75;да;1133;0;0;2;отсутствует;плохо;плохо;отсутствует;отсутствует
муж;29;да;884;0;0;1;плохо;отсутствует;хорошо;плохо;хорошо
муж;85;да;2975;1;0;3;хорошо;хорошо;отсутствует;отсутствует;плохо
жен;78;нет;539;0;0;4;хорошо;плохо;хорошо;хорошо;плохо
муж;83;нет;4298;0;1;4;отсутствует;плохо;плохо;хорошо;плохо
муж;90;да;4396;0;0;3;плохо;хорошо;отсутствует;плохо;отсутствует
муж;44;нет;4866;1;1;5; ;хорошо;плохо;плохо;плохо
жен;54;нет;3802;0;1;1;плохо;хорошо;плохо;хорошо;хорошо
жен;88;нет;3843;0;1;5;отсутствует;отсутствует;хорошо;плохо;   
муж;44;нет;3915;1;0;4;хорошо;отсутствует;хорошо;отсутствует;отсутствует
муж;54;нет;2501;1;1;5;плохо;отсутствует;хорошо;хорошо;хорошо
муж;77;нет;1069;0;1;4;отсутствует;плохо;хорошо;плохо;плохо
жен;33;да;455;0;0;1;плохо;плохо;отсутствует;плохо;отсутствует
муж;89;да;3820;1;0;4;плохо;отсутствует;плохо;отсутствует;хорошо
жен;68;нет;3870;0;1;4;хорошо;хорошо;отсутствует;отсутствует;плохо
муж;89;нет;3682;1;0;4;плохо;плохо;хорошо;отсутствует;плохо
жен;51;да;2055;0;0;2;хорошо;отсутствует;хорошо;отсутствует;отсутствует
муж;21;нет;3367;0;1;3;плохо;плохо;плохо;хорошо;отсутствует
муж;51;нет;2034;1;0;2;плохо;плохо;хорошо;отсутствует;хорошо
жен;46;нет;3967;1;0;2;плохо;отсутствует;плохо;плохо;отсутствует
жен;58;да;3552;0;1;4;хорошо;хорошо;хорошо;    ;хорошо
муж;51;нет;105;1;0;3;плохо;плохо;плохо;отсутствует;отсутствует
жен;66;нет;2653;1;1;5;плохо;отсутствует;хорошо;плохо;отсутствует
муж;30;да;1836;0;1;1;отсутствует;хорошо;плохо;отсутствует;плохо
жен;53;нет;2496;0;0;5;плохо;хорошо;хорошо;хорошо;плохо
жен;63;да;244;1;1;5;отсутствует;плохо;хорошо;отсутствует;плохо
жен;40;нет;2069;0;1;5;отсутствует;плохо;плохо;плохо;хорошо
муж;20;нет;3541;1;0;2;отсутствует;плохо;хорошо;хорошо;отсутствует
муж;32;нет;2786;0;1;4;отсутствует;плохо;хорошо;хорошо;хорошо
муж;53;нет;1745;1;1;5;хорошо;плохо;отсутствует;отсутствует;хорошо
жен;65;да;3317;1;1;2;хорошо;отсутствует;хорошо;хорошо;отсутствует
жен;20;да;402;1;0;3;хорошо;хорошо;отсутствует;плохо;плохо
муж;63;нет;4534;0;0;5;хорошо;плохо;отсутствует;хорошо;хорошо
муж;51;да;4943;1;1;2;плохо;отсутствует;плохо;хорошо;отсутствует
жен;68;да;3887;1;0;4;плохо;хорошо;отсутствует;отсутствует;отсутствует
жен;41;да;3848;0;0;1;хорошо;хорошо;хорошо;хорошо;хорошо
муж;63;да;749;1;1;2;хорошо;хорошо;плохо;отсутствует;плохо
жен;20;да;3173;0;1;4;отсутствует;отсутствует;отсутствует;отсутствует;плохо
жен;48;да;1937;0;0;2;отсутствует;плохо;плохо;хорошо;плохо
муж;81;нет;628;0;1;5;отсутствует;отсутствует;плохо;хорошо;хорошо
муж;23;нет;3385;0;0;1;отсутствует;хорошо;отсутствует;хорошо;плохо
жен;53;да;407;0;1;4;хорошо;хорошо;хорошо;плохо;отсутствует
жен;59;да;2356;0;1;5;хорошо;плохо;хорошо;хорошо;плохо
жен;34;да;1190;0;0;1;отсутствует;плохо;отсутствует;хорошо;плохо
жен;24;нет;1690;1;1;4;отсутствует;отсутствует;отсутствует;отсутствует;плохо
муж;52;да;553;1;0;5;хорошо;хорошо;хорошо;хорошо;плохо
муж;19;нет;2452;0;0;2;хорошо;плохо;хорошо;отсутствует;плохо
муж;81;нет;1453;0;1;5;хорошо;хорошо;хорошо;хорошо;отсутствует
жен;26;да;4708;0;0;5;плохо;хорошо;хорошо;плохо;плохо
муж;88;да;117;1;0;4;хорошо;плохо;отсутствует;хорошо;отсутствует
муж;86;да;1614;1;0;5;отсутствует;хорошо;отсутствует;хорошо;хорошо
жен;66;да;1881;0;0;1;отсутствует;плохо;отсутствует;  ;плохо
муж;32;да;1952;1;0;5;отсутствует;хорошо;отсутствует;плохо;хорошо
муж;25;нет;3279;0;0;2;плохо;плохо;хорошо;плохо;хорошо
жен;71;нет;2583;1;0;5;плохо;отсутствует;плохо;отсутствует;отсутствует
жен;62;нет;2928;0;0;2;плохо;отсутствует;плохо;хорошо;плохо
муж;90;нет;2529;1;0;2;отсутствует;хорошо;плохо;плохо;отсутствует
муж;27;да;1977;0;0;1;хорошо;хорошо;хорошо;отсутствует;отсутствует
муж;34;да;4936;0;0;4;плохо;плохо;плохо;отсутствует;плохо
муж;61;нет;3768;0;1;2;хорошо;отсутствует;хорошо;отсутствует;отсутствует
жен;88;да;572;1;1;1;отсутствует;плохо;хорошо;отсутствует;хорошо
муж;78;нет;2086;0;1;3;плохо;отсутствует;отсутствует;хорошо;отсутствует
жен;64;да;226;1;0;1;хорошо;плохо;отсутствует;отсутствует;плохо
муж;67;нет;1790;1;1;2;отсутствует;плохо;плохо;отсутствует;отсутствует
муж;90;да;2054;0;1;5;плохо;плохо; ;отсутствует;хорошо
жен;25;да;3906;1;1;5;хорошо;плохо;плохо;отсутствует;плохо
муж;67;нет;531;1;0;5;хорошо;хорошо;плохо;плохо;отсутствует
жен;26;да;3152;1;1;1;отсутствует;хорошо;хорошо;отсутствует;хорошо
жен;50;да;2554;0;0;5;плохо;хорошо;отсутствует;плохо;хорошо
жен;34;да;3431;1;1;    ;отсутствует;плохо;хорошо;отсутствует;плохо
муж;41;нет;4789;0;1;2;отсутствует;плохо;отсутствует;плохо;  
муж;77;нет;3886;1;0;4;хорошо;отсутствует;плохо;отсутствует;плохо
жен;65;да;741;0;0;1;хорошо;отсутствует;отсутствует;хорошо;хорошо
жен;73;нет;747;1;1;5;хорошо;хорошо;хорошо;хорошо;отсутствует
жен;27;да;4149;0;0;1;хорошо;плохо;отсутствует;отсутствует;отсутствует
жен;63;да;3294;0;1;4;плохо;плохо;  ;плохо;отсутствует
жен;89;нет;2265;0;1;4;плохо;плохо;отсутствует;отсутствует;отсутствует
жен;30;нет;2818;0;1;4;хорошо;отсутствует;хорошо;хорошо;отсутствует
жен;83;да;3654;0;1;4;отсутствует;плохо;отсутствует;хорошо;отсутствует
муж;89;нет;722;0;1;1;хорошо;отсутствует;отсутствует;хорошо;отсутствует
жен;85;да;3096;0;1;3;отсутствует;плохо;плохо;отсутствует;отсутствует
муж;80;да;2889;0;0;1;отсутствует;хорошо;хорошо;отсутствует;плохо
муж;33;нет;4110;0;0;1;плохо;плохо;плохо;плохо;хорошо
муж;80;да;602;0;0;2;отсутствует;хорошо;плохо;хорошо;хорошо
жен;25;нет;1373;0;0;4;плохо;хорошо;плохо;хорошо;плохо
жен;78;да;1182;0;0;1;хорошо;плохо;хорошо;хорошо;плохо
муж;19;да;1321;1;0;4;хорошо;плохо;хорошо;хорошо;плохо
жен;55;нет;1439;1;1;5;хорошо;плохо;плохо;плохо;хорошо
муж;77;да;2976;0;0;5;хорошо;хорошо;плохо;плохо;отсутствует
муж;58;да;2055;1;1;4;отсутствует;плохо;плохо;хорошо;плохо
муж;20;да;3807;1;1;4;хорошо;хорошо;плохо;хорошо;хорошо
муж;79;нет;4981;1;0;3;хорошо;хорошо;хорошо;плохо;отсутствует
муж;47;нет;831;0;1;2;хорошо;плохо;хорошо;отсутствует;плохо
муж;88;да;2555;0;0;1;хорошо;плохо;плохо;отсутствует;отсутствует
жен;64;нет;2480;0;0;4;плохо;плохо;хорошо;плохо;плохо
муж;30;нет;709;0;0;2;отсутствует;отсутствует;плохо;отсутствует;плохо
муж;50;нет;404;1;0;2;плохо;хорошо;плохо;плохо;отсутствует
жен;82;нет;2742;0;0;4;хорошо;отсутствует;хорошо;отсутствует;отсутствует
жен;20;нет;2274;1;1;2;отсутствует;хорошо;хорошо;плохо;отсутствует
муж;73;нет;1425;1;0;5;плохо;хорошо;плохо;отсутствует;хорошо
муж;35;да;106;0;0;5;плохо;отсутствует;плохо;хорошо;отсутствует
жен;29;нет;1588;0;0;1;хорошо;плохо;отсутствует;плохо;плохо
жен;40;да;3906;1;1;5;хорошо;хорошо;плохо;отсутствует;хорошо
муж;48;нет;2470;0;1;3;хорошо;хорошо;плохо;плохо;отсутствует
жен;19;да;4465;1;1;5;хорошо;отсутствует;отсутствует;отсутствует;отсутствует
муж;86;нет;3244;1;1;5;хорошо;плохо;отсутствует;плохо;плохо
жен;87;да;499;1;0;5;плохо;отсутствует;плохо;хорошо;хорошо
жен;77;нет;3345;0;1;5;плохо;отсутствует;отсутствует;хорошо;хорошо
жен;89;да;620;0;1;4;хорошо;плохо;хорошо;отсутствует;хорошо
муж;35;да;1175;0;0;3;хорошо;отсутствует;отсутствует;хорошо;отсутствует
муж;47;да;1238;0;1;2;отсутствует;хорошо;плохо;хорошо;отсутствует
муж;82;нет;242;0;1;3;хорошо;хорошо;хорошо;отсутствует;отсутствует
жен;67;нет;3539;1;1;4;плохо;хорошо;отсутствует;плохо;хорошо
муж;76;да;441;0;1;5;хорошо;отсутствует;хорошо;отсутствует;хорошо
жен;64;да;3092;1;0;5;плохо;хорошо;плохо;плохо;плохо
муж;46;нет;1098;1;0;1;отсутствует;отсутствует;отсутствует;хорошо;плохо
муж;24;нет;2952;0;1;5;хорошо;плохо;хорошо;плохо;плохо
жен;23;нет;829;0;1;2;плохо;отсутствует;плохо;хорошо;хорошо
муж;53;нет;576;0;1;5;хорошо;отсутствует;плохо;хорошо;отсутствует
муж;59;нет;1320;1;0;1;плохо;хорошо;хорошо;отсутствует;хорошо
жен;51;нет;2570;0;0;4;плохо;отсутствует;хорошо;отсутствует;хорошо
муж;90;да;2556;1;1;5;отсутствует;хорошо;отсутствует;отсутствует;плохо
муж;56;да;4443;1;1;2;отсутствует;плохо;отсутствует;плохо;хорошо
жен;41;да;3090;1;0;4;хорошо;хорошо;плохо;плохо;плохо
муж;46;нет;2475;1;1;3;хорошо;отсутствует;плохо;плохо;отсутствует
жен;81;да;254;0;1;2;отсутствует;хорошо;отсутствует;отсутствует;плохо
муж;80;да;3402;1;1;2;хорошо;хорошо;плохо;отсутствует;отсутствует
жен;75;да;3377;1;1;3;плохо;отсутствует;отсутствует;хорошо;хорошо
муж;37;да;4203;1;1;4;отсутствует;хорошо;плохо;отсутствует;плохо
муж;78;да;4074;1;1;4;отсутствует;хорошо;плохо;отсутствует;хорошо
жен;90;да;2964;0;0;4;отсутствует;хорошо;хорошо;хорошо;отсутствует
жен;41;нет;3935;0;0;5;отсутствует;хорошо;хорошо;хорошо;хорошо
жен;47;нет;4452;1;0;1;отсутствует;хорошо;плохо;отсутствует;отсутствует
муж;19;да;2412;   ;1;1;отсутствует;плохо;отсутствует;отсутствует;отсутствует
муж;36;нет;3723;1;0;5;плохо;отсутствует;плохо;плохо;отсутствует
муж;21;нет;1877;0;1;5;плохо;хорошо;плохо;плохо;плохо
муж;56;да;4076;    ;1;3;плохо;плохо;хорошо;плохо;плохо
жен;49;да;4897;0;0;4;отсутствует;плохо;плохо;плохо;хорошо
жен;24;нет;549;0;0;4;плохо;плохо;отсутствует;хорошо;плохо
жен;71;нет;3257;0;0;5;плохо;хорошо;плохо;плохо;плохо
муж;36;нет;4243;0;1;2;отсутствует;отсутствует;плохо;хорошо;плохо
муж;86;да;660;1;1;2;плохо;хорошо;хорошо;хорошо;плохо
муж;30;да;2456;1;1;1;плохо;хорошо;отсутствует;отсутствует;отсутствует
жен;46;нет;1645;1;1;2;отсутствует;отсутствует;отсутствует;плохо;плохо
жен;82;нет;4073;1;1;4;отсутствует;хорошо;отсутствует;хорошо;хорошо
муж;45;да;2351;1;1;1;плохо;плохо;плохо;хорошо;хорошо
муж;57;да;1929;0;0;3;хорошо;плохо;отсутствует;хорошо;плохо
жен;50;нет;3177;1;1;4;плохо;плохо;хорошо;плохо;плохо
жен;61;да;4190;0;1;1;плохо;плохо;хорошо;отсутствует;хорошо
жен;48;нет;1185;0;0;    ;хорошо;хорошо;отсутствует;отсутствует;плохо
муж;56;нет;1698;1;0;5;хорошо;плохо;отсутствует;хорошо;отсутствует
муж;89;нет;4661;1;0;2;отсутствует;отсутствует;плохо;хорошо;отсутствует
муж;46;нет;1019;0;1;1;хорошо;отсутствует;хорошо;хорошо;хорошо
жен;78;нет;4778;0;1;1;хорошо;отсутствует;отсутствует;хорошо;хорошо
муж;81;нет;1988;1;1;3;отсутствует;отсутствует;хорошо;плохо;плохо
жен;40;да;2254;0;1;2;хорошо;плохо;отсутствует;хорошо;отсутствует
жен;76;нет;4183;1;1;3;плохо;плохо;плохо;отсутствует;плохо
жен;42;да;3437;0;0;1;хорошо;плохо;хорошо;хорошо;хорошо
жен;45;да;4153;0;1;5;отсутствует;плохо;хорошо;отсутствует;плохо
жен;   ;нет;614;0;0;1;отсутствует;плохо;хорошо;хорошо;отсутствует
муж;75;нет;4838;1;1;2;хорошо;отсутствует;хорошо;плохо;плохо
муж;45;нет;1607;1;1;5;плохо;хорошо;отсутствует;отсутствует;отсутствует
жен;43;нет;2336;1;1;2;хорошо;плохо;хорошо;плохо;хорошо
жен;76;да;684;0;1;3;плохо;хорошо;плохо;хорошо;плохо
жен;29;да;2832;0;0;1;плохо;отсутствует;отсутствует;отсутствует;хорошо
муж;29;да;2453;1;1;1;хорошо;хорошо;отсутствует;хорошо;плохо
муж;42;нет;2422;1;1;5;отсутствует;отсутствует;отсутствует;плохо;плохо
жен;72;нет;2920;1;0;3;хорошо;хорошо;плохо;отсутствует;отсутствует
жен;51;нет;3273;1;1;4;хорошо;отсутствует;хорошо;хорошо;плохо
муж;24;нет;1820;1;0;1;хорошо;плохо;отсутствует;хорошо;хорошо
жен;37;нет;1819;1;1;2;хорошо;хорошо;хорошо;хорошо;хорошо
жен;49;нет;238;1;0;2;хорошо;хорошо;плохо;хорошо;хорошо
жен;58;нет;4170;1;1;3;отсутствует;отсутствует;хорошо;плохо;плохо
жен;28;нет;400;0;1;1;плохо;плохо;хорошо;плохо;плохо
жен;88;да;4484;1;1;2;хорошо;хорошо;отсутствует;отсутствует;отсутствует
жен;31;да;3159;0;1;4;отсутствует;отсутствует;плохо;отсутствует;хорошо
муж;77;да;2586;1;1;3;хорошо;отсутствует;отсутствует;хорошо;хорошо
муж;54;да;4478;1;1;4;отсутствует;плохо;хорошо;отсутствует;хорошо
жен;29;да;2010;1;1;4;отсутствует;отсутствует;хорошо;отсутствует;отсутствует
жен;44;да;3539;1;0;4;плохо;плохо;отсутствует;отсутствует;отсутствует
муж;82;нет;383;1;1;2;хорошо;хорошо;плохо;хорошо;отсутствует
жен;59;да;3706;0;1;3;хорошо;хорошо;хорошо;отсутствует;отсутствует
жен;28;нет;3058;0;1;3;хорошо;плохо;плохо;плохо;отсутствует
жен;41;да;3497;1;1;3;хорошо;хорошо;отсутствует;хорошо;плохо
муж;36;да;4933;0;0;1;плохо;плохо;отсутствует;отсутствует;отсутствует
жен;42;да;4244;1;1;3;плохо;плохо;отсутствует;отсутствует;хорошо
жен;57;нет;3670;1;0;2;плохо;плохо;плохо;хорошо;хорошо
жен;39;нет;2114;1;1;1;хорошо;плохо;отсутствует;плохо;отсутствует
муж;68;да;1896;0;1;2;хорошо;плохо;плохо;плохо;плохо
жен;86;да;1553;0;1;3;плохо;отсутствует;хорошо;хорошо;плохо
жен;73;да;2446;0;1;1;отсутствует;отсутствует;плохо;плохо;плохо
жен;19;нет;188;0;0;1;плохо;отсутствует;отсутствует;плохо;хорошо
муж;27;нет;3263;1;1;5;плохо;отсутствует;отсутствует;хорошо;плохо
муж;72;нет;629;1;0;4;хорошо;плохо;плохо;хорошо;хорошо
жен;32;да;2776;1;0;3;плохо;плохо;плохо;отсутствует;отсутствует
муж;38;нет;3775;1;1;4;хорошо;хорошо;плохо;плохо;хорошо
муж;72;нет;1982;0;0;3;хорошо;плохо;отсутствует;хорошо;хорошо
муж;37;да;2994;1;1;4;плохо;хорошо;отсутствует;хорошо;хорошо
муж;47;да;3744;0;0;2;хорошо;хорошо;плохо;хорошо;отсутствует
жен;26;да;4352;1;0;5;плохо;хорошо;хорошо;отсутствует;хорошо
жен;89;нет;961;0;0;1;плохо;хорошо;отсутствует;хорошо;хорошо
жен;73;да;4645;1;   ;1;плохо;хорошо;хорошо;хорошо;хорошо
жен;52;да;537;0;0;3;    ;отсутствует;хорошо;отсутствует;отсутствует
муж;47;нет;187;0;0;2;отсутствует;хорошо;отсутствует;плохо;отсутствует
муж;82;нет;988;0;0;1;хорошо;хорошо;отсутствует;отсутствует;хорошо
муж;73;да;4824;0;0;1;хорошо;отсутствует;хорошо;плохо;отсутствует
жен;67;нет;4142;0;1;3;отсутствует;плохо;отсутствует;отсутствует;отсутствует
муж;78;нет;4132;1;1;3;отсутствует;отсутствует;отсутствует;хорошо;хорошо
муж;22;да;838;1;1;4;отсутствует;плохо;плохо;плохо;хорошо
муж;72;нет;4599;0;0;3;плохо;отсутствует;хорошо;отсутствует;отсутствует
муж;40;да;4728;0;0;5;хорошо;хорошо;хорошо;плохо;хорошо
жен;34;да;2131;0;1;3;хорошо;хорошо;плохо;отсутствует;   
муж;37;нет;2810;0;1;5;плохо;плохо;отсутствует;отсутствует;хорошо
муж;82;нет;2612;0;1;4;отсутствует;плохо;хорошо;плохо;отсутствует
жен;25;да;3085;1;1;3;отсутствует;хорошо;отсутствует;плохо;хорошо
муж;40;да;2906;1;1;2;отсутствует;отсутствует;хорошо;хорошо;плохо
муж;83;да;2097;0;0;4;плохо;отсутствует;плохо;плохо;плохо
жен;26;нет;4552;0;0;3;хорошо;хорошо;плохо;отсутствует;отсутствует
жен;63;да;1862;1;1;5;хорошо;отсутствует;отсутствует;отсутствует;плохо
муж;25;нет;1420;0;1;2;отсутствует;плохо;отсутствует;плохо;отсутствует
муж;60;нет;4216;0;1;5;хорошо;отсутствует;отсутствует;плохо;отсутствует
жен;35;нет;487;1;0;2;хорошо;хорошо;отсутствует;отсутствует;плохо
жен;88;нет;2833;1;1;2;плохо;плохо;хорошо;хорошо;хорошо
жен;47;да;3704;0;0;3;хорошо;отсутствует;плохо;плохо;отсутствует
жен;29;да;1651;1;0;4;хорошо;   ;хорошо;отсутствует;отсутствует
муж;24;да;527;1;1;3;плохо;плохо;плохо;отсутствует;хорошо
     ;23;да;1305;1;1;1;хорошо;хорошо;отсутствует;плохо;хорошо
муж;34;да;2182;1;0;4;плохо;хорошо;плохо;плохо;отсутствует
муж;68;нет;2328;0;1;1;хорошо;хорошо;хорошо;хорошо;хорошо
муж;41;нет;727;0;1;4;отсутствует;хорошо;плохо;хорошо;хорошо
муж;20;да;2056;0;1;3;хорошо;отсутствует;плохо;хорошо;отсутствует
жен;47;нет;2325;0;0;5;  ;плохо;плохо;хорошо;плохо
жен;72;да;2377;0;1;2;плохо;хорошо;плохо;хорошо;хорошо
муж;90;да;2038;0;1;1;отсутствует;плохо;хорошо;хорошо;отсутствует
жен;81;да;4153;0;1;2;плохо;отсутствует;плохо;плохо;отсутствует
муж;34;нет;3611;0;1;4;плохо;плохо;отсутствует;плохо;хорошо
жен;31;нет;1600;0;1;1;отсутствует;хорошо;плохо;плохо;отсутствует
муж;36;нет;640;1;0;4;хорошо;отсутствует;отсутствует;хорошо;отсутствует
жен;71;нет;4356;1;1;3;отсутствует;плохо;плохо;отсутствует;плохо
жен;86;нет;3569;0;1;5;плохо;хорошо;отсутствует;плохо;хорошо
муж;23;да;3028; ;0;5;хорошо;отсутствует;хорошо;отсутствует;плохо
жен; ;да;2489;0;1;1;хорошо;отсутствует;отсутствует;отсутствует;отсутствует
муж;89;нет;4569;1;1;3;отсутствует;отсутствует;плохо;плохо;плохо
муж;57;нет;2486;1;0;1;плохо;плохо;хорошо;отсутствует;плохо
жен;88;да;436;1;0;5;плохо;плохо;отсутствует;плохо;отсутствует
муж;30;да;495;0;0;2;хорошо;отсутствует;отсутствует;отсутствует;отсутствует
жен;60;нет;1510;1;0;3;отсутствует;плохо;плохо;хорошо;отсутствует
жен;57;нет;687;1;0;5;хорошо;отсутствует;плохо;отсутствует;отсутствует
муж;86;да;897;0;1;4;хорошо;плохо;отсутствует;отсутствует;отсутствует
жен;40;нет;1659;0;1;3;плохо;отсутствует;     ;хорошо;хорошо
муж;29;да;3532;0;0;4;плохо;отсутствует;плохо;отсутствует;отсутствует
жен;48;да;1698;1;0;1;плохо;отсутствует;плохо;плохо;плохо
муж;29;нет;1750;0;0;3;отсутствует;отсутствует;отсутствует;хорошо;плохо
жен;88;нет;4637;0;1;4;хорошо;отсутствует;отсутствует;плохо;хорошо
    ;52;да;170;0;0;1;плохо;отсутствует;отсутствует;хорошо;отсутствует
жен;77;нет;309;0;0;4;хорошо;отсутствует;хорошо;плохо;плохо
жен;77;нет;758;0;0;1;хорошо;отсутствует;отсутствует;хорошо;отсутствует
муж;79;да;2729; ;0;5;плохо;хорошо;отсутствует;отсутствует;хорошо
жен;29;нет;1442;0;0;5;плохо;хорошо;отсутствует;плохо;плохо
жен;71;да;1504;1;0;3;плохо;плохо;отсутствует;плохо;плохо
муж;64;да;3800;0;0;1;хорошо;плохо;хорошо;хорошо;хорошо
муж;35;нет;2212;0;1;4;плохо;хорошо;хорошо;хорошо;отсутствует
жен;85;нет;1570;1;0;3;хорошо;хорошо;хорошо;отсутствует;отсутствует
муж;72;да;132;0;1;1;отсутствует;хорошо;плохо;плохо;отсутствует
муж;66;нет;4847;0;1;5;отсутствует;хорошо;плохо;отсутствует;отсутствует
жен;48;да;2402;0;0;2;плохо;отсутствует;плохо;хорошо;хорошо
муж;88;нет;196;1;1;3;плохо;отсутствует;хорошо;хорошо;плохо
жен;35;да;1472;1;1;1;плохо;отсутствует;плохо;плохо;отсутствует
жен;39;нет;3740;1;1;2;отсутствует;хорошо;отсутствует;отсутствует;отсутствует
жен;35;нет;4599;0;1;3;отсутствует;отсутствует;хорошо;отсутствует;хорошо
муж;79;нет;3602;0;1;1;хорошо;хорошо;отсутствует;плохо;плохо
жен;75;да;363;   ;1;1;отсутствует;отсутствует;отсутствует;отсутствует;плохо
муж;36;да;147;0;1;5;хорошо;хорошо;отсутствует;плохо;отсутствует
муж;21;да;3432;0;0;4;хорошо;отсутствует;плохо;плохо;хорошо
жен;31;нет;4459;1;0;2;плохо;хорошо;хорошо;хорошо;плохо
муж;34;нет;2132;0;1;2;хорошо;отсутствует;отсутствует;отсутствует;отсутствует
жен;25;да;3315; ;0;1;плохо;отсутствует;отсутствует;хорошо;плохо
муж;57;да;1107;1;0;2;отсутствует;хорошо;хорошо;хорошо;хорошо
муж;90;нет;4051;1;0;2;хорошо;отсутствует;плохо;плохо;хорошо
муж;38;нет;4054;1;0;1;отсутствует;хорошо;плохо;отсутствует;хорошо
муж;65;нет;1548;1;0;3;отсутствует;хорошо;отсутствует;хорошо;плохо
муж;81;нет;328;1;1;3;отсутствует;отсутствует;хорошо;отсутствует;отсутствует
муж;48;да;3318;0;1;4;хорошо;плохо;отсутствует;хорошо;отсутствует
жен;62;да;3190;0;0;2;отсутствует;плохо;хорошо;хорошо;хорошо
жен;76;да;615;0;0;2;отсутствует;хорошо;хорошо;отсутствует;плохо
муж;68;да;3802;1;1;5;хорошо;хорошо;отсутствует; ;плохо
муж;46;да;2791;0;1;1;хорошо;плохо;отсутствует;отсутствует;хорошо
муж;79;да;823;0;1;1;отсутствует;отсутствует;хорошо;плохо;хорошо
муж;64;нет;  ;0;0;1;отсутствует;плохо;отсутствует;хорошо;плохо
муж;70;да;1381;1;0;2;отсутствует;хорошо;хорошо;хорошо;отсутствует
муж;71;да;3924;0;0;2;плохо;плохо;плохо;плохо;хорошо
жен;  ;нет;3771;0;0;2;хорошо;хорошо;плохо;хорошо;хорошо
жен;45;да;1242;1;0;3;отсутствует;плохо;плохо;плохо;плохо
муж;67;нет;3724;1;0;1;отсутствует;отсутствует;плохо;хорошо;отсутствует
муж;37;нет;520;1;0;1;плохо;отсутствует;отсутствует;отсутствует;отсутствует
муж;54;нет;1620;0;0;2;хорошо;отсутствует;отсутствует;отсутствует;плохо
жен;45;да;2334;1;0;4;хорошо;хорошо;отсутствует;плохо;хорошо
муж;84;да;1943;0;0;2;отсутствует;плохо;плохо;хорошо;хорошо
муж;76;да;1787;1;1;4; ;отсутствует;плохо;хорошо;плохо
муж;63;нет;1535;1;0;5;отсутствует;отсутствует;плохо;плохо;плохо
муж;76;да;1877;1;1;2;хорошо;хорошо;плохо;плохо;плохо
     ;84;да;1281;1;1;2;плохо;хорошо;плохо;хорошо;отсутствует
     ;89;нет;2998;1;1;3;отсутствует;плохо;отсутствует;плохо;плохо
муж;21;да;672;1;0;4;хорошо;плохо;хорошо;отсутствует;отсутствует
жен;43;нет;4111;0;1;3;плохо;хорошо;отсутствует;хорошо;плохо
муж;29;нет;3744;0;0;2;плохо;плохо;плохо;отсутствует;хорошо
жен;72;да;4327;1;0;4;хорошо;плохо;хорошо;хорошо;хорошо
жен;45;нет;2418;1;1;2;отсутствует;хорошо;хорошо;хорошо;отсутствует
жен;84;да;3082;1;1;1;отсутствует;отсутствует;отсутствует;хорошо;отсутствует
муж;24;да;1588;1;1;3;отсутствует;хорошо;плохо;хорошо;плохо
муж;58;нет;4358;0;1;2;хорошо;отсутствует;отсутствует;отсутствует;плохо
жен;56;нет;1482;1;0;2;хорошо;хорошо;отсутствует;хорошо;отсутствует
муж;39;нет;924;0;0;4;хорошо;плохо;отсутствует;плохо;хорошо
жен;22;да;1225;1;0;5;отсутствует;отсутствует;плохо;хорошо;отсутствует
муж;68;да;276;0;0;5;плохо;плохо;плохо;отсутствует;отсутствует
муж;37;нет;1252;1;0;5;плохо;отсутствует;отсутствует;хорошо;отсутствует
жен;58;нет;4461;0;1;5;отсутствует;плохо;плохо;отсутствует;плохо
муж;45;да;4671;0;1;2;хорошо;отсутствует;отсутствует;отсутствует;плохо
муж;29;да;964;1;0;4;хорошо;отсутствует;отсутствует;плохо;хорошо
муж;90;да;1119;0;1;4;отсутствует;хорошо;хорошо;отсутствует;отсутствует
муж;51;да;812;1;1;3;отсутствует;отсутствует;хорошо;хорошо;хорошо
муж;79;нет;3610;1;0;5;плохо;хорошо;отсутствует;отсутствует;плохо
жен;27;нет;4458;1;1;1; ;отсутствует;хорошо;отсутствует;плохо
жен;35;да;702;1;0;5;хорошо;плохо;плохо;плохо;отсутствует
жен;47;да;3645;0;1;2;отсутствует;хорошо;хорошо;отсутствует;плохо
жен;63;нет;4488;1;0;3;отсутствует;хорошо;плохо;плохо;плохо
жен;73;да;4415;1;0;4;отсутствует;плохо;хорошо;плохо;плохо
муж;57;нет;2240;0;1;2;плохо;отсутствует;плохо;хорошо;отсутствует
муж;41;нет;3605;0;1;2;отсутствует;плохо;плохо;отсутствует;хорошо
муж;72;да;2307;1;1;2;отсутствует;плохо;хорошо;отсутствует;отсутствует
жен;65;нет;3231;1;0;1;плохо;хорошо;хорошо;плохо;плохо
жен;60;нет;385;1;1;3;плохо;плохо;плохо;хорошо;отсутствует
муж;80;нет;712;1;0;5;хорошо;хорошо;отсутствует;хорошо;хорошо
жен;54;нет;3077;0;1;5;плохо;плохо;отсутствует;плохо;отсутствует
жен;83;да;305;1;1;5;плохо;плохо;плохо;плохо;отсутствует
жен;37;да;880;0;1;4;хорошо;хорошо;отсутствует;отсутствует;хорошо
муж;85;да;1698;1;1;5;плохо;хорошо;плохо;хорошо;отсутствует
жен;88;нет;749;1;0;2;хорошо;отсутствует;хорошо;отсутствует;хорошо
муж;49;нет;2605;0;0;2;отсутствует;отсутствует;плохо;отсутствует;плохо
муж;39;нет;2687;1;0;4;плохо;отсутствует;хорошо;плохо;хорошо
муж;37;нет;3454;0;0;3;отсутствует;отсутствует;хорошо;отсутствует;отсутствует
жен;44;да;2709;1;0;1;плохо;плохо;хорошо;отсутствует;отсутствует
муж;85;нет;1192;1;1;2;плохо;хорошо;отсутствует;отсутствует;плохо
муж;35;нет;4457;0;1;2;отсутствует;хорошо;плохо;отсутствует;плохо
жен;63;нет;4746;1;1;1;плохо;отсутствует;хорошо;     ;плохо
муж;36;нет;1734;0;1;5;плохо;плохо;плохо;отсутствует;плохо
муж;26;да;1746;1;1;5;хорошо;отсутствует;отсутствует;хорошо;отсутствует
жен;53;нет;1820;1;1;3;хорошо;плохо;плохо;плохо;отсутствует
муж;49;да;2402;0;1;     ;плохо;плохо;отсутствует;отсутствует;отсутствует
жен;26;да;900;0;0;4;отсутствует;плохо;плохо;плохо;плохо
жен;48;   ;1429;0;0;5;отсутствует;хорошо;плохо;отсутствует;плохо
муж;90;да;3411;0;1;1;хорошо;отсутствует;хорошо;плохо;хорошо
муж;62;да;914;0;1;1;хорошо;плохо;хорошо;хорошо;отсутствует
жен;53;нет;2865;1;1;4;отсутствует;плохо;плохо;отсутствует;хорошо
жен;24;нет;1057;1;1;1;плохо;плохо;хорошо;хорошо;отсутствует
